Nome,IP,Data,Hora
Allicia,192.168.225.218,04-10-2025,02:52
Miguel,192.168.215.209,04-10-2025,02:48
Maria Fernanda,192.168.236.33,04-10-2025,16:44
Fernanda,192.168.226.127,23-10-2025,08:25
Raissa,192.168.217.8,22-10-2025,00:33
Gabrielle,192.168.152.38,09-10-2025,06:03
Henri,192.168.67.115,05-10-2025,12:34
Joao,192.168.30.135,16-10-2025,15:12
Laura,192.168.153.81,01-10-2025,00:12
Marcos,192.168.221.238,09-10-2025,02:12
Sofia,192.168.159.243,06-10-2025,23:26
Ricardo,192.168.156.183,24-09-2025,07:34
Bianca,192.168.31.199,30-09-2025,21:53
Eduardo,192.168.129.232,04-10-2025,01:14
Larissa,192.168.61.246,27-09-2025,03:53
Melissa,192.168.60.163,30-09-2025,20:40
Julia,192.168.22.46,28-09-2025,05:50
Roberta,192.168.228.52,29-09-2025,01:01
Clara,192.168.143.65,01-10-2025,02:49
Chaulim,192.168.92.230,01-10-2025,03:55
